precision,recall,f_measure,accuracy
0.3194656211428157,0.3860326373047903,0.3496086766517024,0.8300441214637945
