precision,recall,f_measure,accuracy
0.3269230769230769,0.43312101910828027,0.37260273972602737,0.8049403747870528
