precision,recall,f_measure,accuracy
0.240098628448143,0.1366906474820144,0.17420472969195505,0.8466545548922917
