precision,recall,f_measure,accuracy
0.38095238095238093,0.25477707006369427,0.3053435114503817,0.8449744463373083
